DisNo.,Historic,Classification Key,Disaster Group,Disaster Subgroup,Disaster Type,Disaster Subtype,External IDs,Event Name,ISO,Country,Subregion,Region,Location,Origin,Associated Types,OFDA/BHA Response,Appeal,Declaration,AID Contribution ('000 US$),Magnitude,Magnitude Scale,Latitude,Longitude,River Basin,Start Year,Start Month,Start Day,End Year,End Month,End Day,Total Deaths,No. Injured,No. Affected,No. Homeless,Total Affected,Reconstruction Costs ('000 US$),"Reconstruction Costs, Adjusted ('000 US$)",Insured Damage ('000 US$),"Insured Damage, Adjusted ('000 US$)",Total Damage ('000 US$),"Total Damage, Adjusted ('000 US$)",CPI,Admin Units,Entry Date,Last Update
2020-0057-IND,No,nat-met-sto-bli,Natural,Meteorological,Storm,Blizzard/Winter storm,,,IND,India,Southern Asia,Asia,Jammu & Kashmir state,,"Avalanche (Snow, Debris)",No,No,No,,,Kph,,,,2020,1,11,2020,1,14,11,,,,,,,,,,,82.50568385,"[{""adm1_code"":40408,""adm1_name"":""Administrative unit not available""},{""adm1_code"":40409,""adm1_name"":""Administrative unit not available""},{""adm1_code"":40422,""adm1_name"":""Administrative unit not available""},{""adm1_code"":40423,""adm1_name"":""Administrative unit not available""},{""adm1_code"":40424,""adm1_name"":""Administrative unit not available""},{""adm1_code"":40425,""adm1_name"":""Administrative unit not available""},{""adm1_code"":40426,""adm1_name"":""Administrative unit not available""},{""adm1_code"":40427,""adm1_name"":""Administrative unit not available""},{""adm1_code"":40428,""adm1_name"":""Administrative unit not available""},{""adm1_code"":40429,""adm1_name"":""Administrative unit not available""},{""adm1_code"":40430,""adm1_name"":""Administrative unit not available""},{""adm1_code"":40431,""adm1_name"":""Administrative unit not available""}]",2020-02-12,2023-09-25
2020-0198-IND,No,nat-hyd-flo-flo,Natural,Hydrological,Flood,Flood (General),,,IND,India,Southern Asia,Asia,Uttar Pradesh State,Heavy rains,,No,No,No,,,Km2,,,,2020,5,10,2020,5,13,29,,,,,,,,,10000,12120,82.50568385,"[{""adm1_code"":70081,""adm1_name"":""Uttar Pradesh""}]",2020-05-13,2024-04-18
2020-0206-IND,No,nat-hyd-flo-flo,Natural,Hydrological,Flood,Flood (General),,,IND,India,Southern Asia,Asia,"Lakhimpur, Sontipur, Darrang, Goalpara (Assam state); Sikkim state",Heavy rains,"Slide (land, mud, snow, rock)",No,No,No,,,Km2,,,"Jia Bharali, Puthimari rivers",2020,5,24,2020,5,26,1,2,30000,,30002,,,,,,,82.50568385,"[{""adm1_code"":1507,""adm1_name"":""Sikkim""},{""adm2_code"":17578,""adm2_name"":""Darrang""},{""adm2_code"":17581,""adm2_name"":""Goalpara""},{""adm2_code"":17593,""adm2_name"":""Sonitpur""},{""adm2_code"":70091,""adm2_name"":""Lakhimpur""}]",2020-05-27,2024-04-18
2020-0211-BGD,No,nat-met-sto-tro,Natural,Meteorological,Storm,Tropical cyclone,GLIDE:TC-2020-000137,Cyclone 'Amphan',BGD,Bangladesh,Southern Asia,Asia,"Cox's Bazar; Satkhira, Jashore, Khulna, Barguna, Bagerhat, Patuakhali, Bhola, Pirojpur districts",,,No,No,No,,,Kph,,,,2020,5,20,2020,5,20,26,,2600000,,2600000,,,,,1500000,1818057,82.50568385,"[{""adm2_code"":5761,""adm2_name"":""Barguna""},{""adm2_code"":5763,""adm2_name"":""Bhola""},{""adm2_code"":5765,""adm2_name"":""Patuakhali""},{""adm2_code"":5766,""adm2_name"":""Pirojpur""},{""adm2_code"":5772,""adm2_name"":""Cox's Bazar""},{""adm2_code"":5795,""adm2_name"":""Bagerhat""},{""adm2_code"":5797,""adm2_name"":""Jessore""},{""adm2_code"":5799,""adm2_name"":""Khulna""},{""adm2_code"":5804,""adm2_name"":""Satkhira""}]",2020-05-27,2024-04-18
2020-0211-IND,No,nat-met-sto-tro,Natural,Meteorological,Storm,Tropical cyclone,GLIDE:TC-2020-000137,Cyclone 'Amphan',IND,India,Southern Asia,Asia,"Balasore (Baleshwar) , Bhadrak, Kendrapada and Jagatsinghpur (Odisha); East Midunapur, West Midhunapur, North24 Parganas, South24 Parganas, Nadia, Howrah, Kolkata and Hoogli (West Bengal)",,,No,No,No,,185,Kph,,,,2020,5,20,2020,5,20,90,,18000000,,18000000,,,,,13500000,16362509,82.50568385,"[{""adm2_code"":70207,""adm2_name"":""Baleshwar""},{""adm2_code"":70209,""adm2_name"":""Bhadrak""},{""adm2_code"":70214,""adm2_name"":""Jagatsinghpur""},{""adm2_code"":70218,""adm2_name"":""Kendrapara""},{""adm2_code"":17949,""adm2_name"":""Haora""},{""adm2_code"":17950,""adm2_name"":""Hugli""},{""adm2_code"":17956,""adm2_name"":""Nadia""},{""adm2_code"":70291,""adm2_name"":""East Midnapore""},{""adm2_code"":70292,""adm2_name"":""Kolkata""},{""adm2_code"":70293,""adm2_name"":""North 24 Parganas""},{""adm2_code"":70294,""adm2_name"":""South 24 Parganas""},{""adm2_code"":70296,""adm2_name"":""West Midnapore""}]",2020-05-27,2023-09-25
2020-0217-IND,No,nat-met-sto-tro,Natural,Meteorological,Storm,Tropical cyclone,GLIDE:TC-2020-000145,Cyclone 'Nisarga',IND,India,Southern Asia,Asia,"Raigad, Pune Districts (Maharashtra State)",,,No,No,No,,120,Kph,,,,2020,6,3,2020,6,3,6,,7500,,7500,,,,,820000,993871,82.50568385,"[{""adm2_code"":17776,""adm2_name"":""Pune""},{""adm2_code"":17777,""adm2_name"":""Raigarh""}]",2020-06-05,2025-06-25
2020-0249-IND,No,nat-hyd-flo-flo,Natural,Hydrological,Flood,Flood (General),,,IND,India,Southern Asia,Asia,Jammu region,,,No,No,No,,,Km2,,,,2020,6,1,2020,6,9,,,5000,,5000,,,,,,,82.50568385,"[{""adm1_code"":40408,""adm1_name"":""Administrative unit not available""},{""adm1_code"":40409,""adm1_name"":""Administrative unit not available""},{""adm1_code"":40422,""adm1_name"":""Administrative unit not available""},{""adm1_code"":40423,""adm1_name"":""Administrative unit not available""},{""adm1_code"":40424,""adm1_name"":""Administrative unit not available""},{""adm1_code"":40425,""adm1_name"":""Administrative unit not available""},{""adm1_code"":40426,""adm1_name"":""Administrative unit not available""},{""adm1_code"":40427,""adm1_name"":""Administrative unit not available""},{""adm1_code"":40428,""adm1_name"":""Administrative unit not available""},{""adm1_code"":40429,""adm1_name"":""Administrative unit not available""},{""adm1_code"":40430,""adm1_name"":""Administrative unit not available""},{""adm1_code"":40431,""adm1_name"":""Administrative unit not available""}]",2020-06-19,2024-10-25
2020-0297-NPL,No,nat-hyd-flo-flo,Natural,Hydrological,Flood,Flood (General),GLIDE:FL-2020-000165,,NPL,Nepal,Southern Asia,Asia,"Parbat, Lamjung, Gorkha, Kalikot, Syangaja, Gulmi, Bajhang, Darchula, Bajura, Sindhupalchok, Kaski, Dailekh, Myagdi, Jajarkot, Rukum Paschim, Dhading, Shankhuwashaba, Jhapa, Tanahun, Baglung, Saptari, Lalitpur, Nawalparasi Purba, Chitwan, Dang,Surkhet, Kailali districts",Heavy rains,"Slide (land, mud, snow, rock)",No,No,No,,,Km2,,,,2020,6,,2020,9,,448,287,117390,,117677,,,,,100000,121204,82.50568385,"[{""adm2_code"":22351,""adm2_name"":""Bagmati""},{""adm2_code"":22352,""adm2_name"":""Janakpur""},{""adm2_code"":22353,""adm2_name"":""Narayani""},{""adm2_code"":22354,""adm2_name"":""Koshi""},{""adm2_code"":22355,""adm2_name"":""Mechi""},{""adm2_code"":22356,""adm2_name"":""Sagarmatha""},{""adm2_code"":22357,""adm2_name"":""Mahakali""},{""adm2_code"":22358,""adm2_name"":""Seti""},{""adm2_code"":22359,""adm2_name"":""Karnali""},{""adm2_code"":22360,""adm2_name"":""Rapti""},{""adm2_code"":22361,""adm2_name"":""Bheri""},{""adm2_code"":22362,""adm2_name"":""Dhawalagiri""},{""adm2_code"":22363,""adm2_name"":""Gandaki""},{""adm2_code"":22364,""adm2_name"":""Lumbini""}]",2020-07-07,2023-09-25
2020-0304-IND,No,nat-hyd-flo-flo,Natural,Hydrological,Flood,Flood (General),,,IND,India,Southern Asia,Asia,"Assam, Bihar, Gujarat, Chhattisgarh, Kerala, Karnataka, Madhya Pradesh, Odisha, Uttar Pradesh, West Bengal, Arunachal Pradesh, Maharashtraa.",Monsoon rain,"Slide (land, mud, snow, rock)",No,No,No,,,Km2,,,,2020,6,,2020,8,16,1922,,1300000,,1300000,,,800000,969630,7500000,9090283,82.50568385,"[{""adm1_code"":1487,""adm1_name"":""Assam""},{""adm1_code"":1491,""adm1_name"":""Gujarat""},{""adm1_code"":1494,""adm1_name"":""Karnataka""},{""adm1_code"":1495,""adm1_name"":""Kerala""},{""adm1_code"":1498,""adm1_name"":""Maharashtra""},{""adm1_code"":1504,""adm1_name"":""Orissa""},{""adm1_code"":1511,""adm1_name"":""West Bengal""},{""adm1_code"":70072,""adm1_name"":""Arunachal Pradesh""},{""adm1_code"":70073,""adm1_name"":""Bihar""},{""adm1_code"":70075,""adm1_name"":""Chhattisgarh""},{""adm1_code"":70079,""adm1_name"":""Madhya Pradesh""},{""adm1_code"":70081,""adm1_name"":""Uttar Pradesh""}]",2020-08-04,2023-09-25
2020-0323-BGD,No,nat-hyd-flo-flo,Natural,Hydrological,Flood,Flood (General),GLIDE:FL-2020-000166,,BGD,Bangladesh,Southern Asia,Asia,"Jamalpur, Kurigram, Gaibandha, Tangail, Sylhet, Sirajganj, Bogura, Sunamganj, Sherpur, Netrokona, Lalmonirhat, Moulovi Bazar, Faridpur, Manikganj, Nilphamari Chapai Nawabganj, Rajbari and Kushtia",Monsoonal rains,"Slide (land, mud, snow, rock)",No,No,No,,,Km2,,,,2020,6,15,2020,9,30,257,,5448271,,5448271,,,,,500000,606019,82.50568385,"[{""adm1_code"":580,""adm1_name"":""Sylhet""},{""adm2_code"":5779,""adm2_name"":""Faridpur""},{""adm2_code"":5782,""adm2_name"":""Jamalpur""},{""adm2_code"":5785,""adm2_name"":""Manikganj""},{""adm2_code"":5790,""adm2_name"":""Netrakona""},{""adm2_code"":5791,""adm2_name"":""Rajbari""},{""adm2_code"":5793,""adm2_name"":""Sherpur""},{""adm2_code"":5794,""adm2_name"":""Tangail""},{""adm2_code"":5800,""adm2_name"":""Kushtia""},{""adm2_code"":5805,""adm2_name"":""Bogra""},{""adm2_code"":5819,""adm2_name"":""Sirajganj""},{""adm2_code"":5807,""adm2_name"":""Gaibandha""},{""adm2_code"":5809,""adm2_name"":""Kurigram""},{""adm2_code"":5810,""adm2_name"":""Lalmonirhat""},{""adm2_code"":5814,""adm2_name"":""Nilphamari""}]",2020-08-10,2023-09-25
2020-0446-IND,No,nat-hyd-flo-flo,Natural,Hydrological,Flood,Flood (General),,,IND,India,Southern Asia,Asia,"Hyderabad, Telangana, Andhra Pradesh, Karnataka, South Odisha states",Heavy rains,,No,No,No,,,Km2,,,,2020,10,1,2020,10,26,152,,150000,,150000,,,,,4000000,4848151,82.50568385,"[{""adm1_code"":1485,""adm1_name"":""Andhra Pradesh""},{""adm1_code"":1494,""adm1_name"":""Karnataka""},{""adm2_code"":17811,""adm2_name"":""Ganjam""},{""adm2_code"":17812,""adm2_name"":""Kalahandi""},{""adm2_code"":17814,""adm2_name"":""Koraput""},{""adm2_code"":70211,""adm2_name"":""Boudh""},{""adm2_code"":70213,""adm2_name"":""Gajapati""},{""adm2_code"":70217,""adm2_name"":""Kandhamal""},{""adm2_code"":70220,""adm2_name"":""Malkangiri""},{""adm2_code"":70221,""adm2_name"":""Nabarangpur""},{""adm2_code"":70223,""adm2_name"":""Nuapada""},{""adm2_code"":70224,""adm2_name"":""Rayagada""}]",2020-10-16,2023-09-25
2020-0524-IND,No,nat-met-sto-tro,Natural,Meteorological,Storm,Tropical cyclone,GLIDE:TC-2020-000233,Cyclone Nivar,IND,India,Southern Asia,Asia,Tamil Nadu and Puducherry,,Flood,No,No,No,,,Kph,,,,2020,11,25,2020,11,26,14,,,,,,,,,600000,727223,82.50568385,"[{""adm1_code"":1508,""adm1_name"":""Tamil Nadu""},{""adm1_code"":70080,""adm1_name"":""Puducherry""}]",2020-12-01,2025-06-25
2021-0252-IND,No,nat-met-sto-tro,Natural,Meteorological,Storm,Tropical cyclone,GLIDE:TC-2021-000056,Tropical cyclone 'Tauktae',IND,India,Southern Asia,Asia,"Kerala, Karnataka, Goa, Maharashtra, Gujarat, Rajasthan, Delhi, Haryana, Uttar Pradesh and Uttarakhand",,,No,No,No,,222,Kph,,,,2021,5,14,2021,5,19,198,153,700000,,700153,,,,,1400000,1620714,86.38165694,"[{""adm1_code"":1489,""adm1_name"":""Delhi""},{""adm1_code"":1490,""adm1_name"":""Goa""},{""adm1_code"":1491,""adm1_name"":""Gujarat""},{""adm1_code"":1492,""adm1_name"":""Haryana""},{""adm1_code"":1494,""adm1_name"":""Karnataka""},{""adm1_code"":1495,""adm1_name"":""Kerala""},{""adm1_code"":1498,""adm1_name"":""Maharashtra""},{""adm1_code"":1506,""adm1_name"":""Rajasthan""},{""adm1_code"":70081,""adm1_name"":""Uttar Pradesh""},{""adm1_code"":70082,""adm1_name"":""Uttarakhand""}]",2021-05-17,2025-06-25
2021-0295-BGD,No,nat-met-sto-tro,Natural,Meteorological,Storm,Tropical cyclone,GLIDE:TC-2021-000058,Cyclone 'Yaas',BGD,Bangladesh,Southern Asia,Asia,"Bhola, Patuakhali, Sathkira, Bagerhat, Barguna, Khulna, Jhalokathi, Barisal and Pirojpur",,,No,No,No,,150,Kph,,,,2021,5,25,2021,5,29,3,,1300000,,1300000,,,,,,,86.38165694,"[{""adm2_code"":5761,""adm2_name"":""Barguna""},{""adm2_code"":5763,""adm2_name"":""Bhola""},{""adm2_code"":5764,""adm2_name"":""Jhalokati""},{""adm2_code"":5765,""adm2_name"":""Patuakhali""},{""adm2_code"":5766,""adm2_name"":""Pirojpur""},{""adm2_code"":5795,""adm2_name"":""Bagerhat""},{""adm2_code"":5804,""adm2_name"":""Satkhira""}]",2021-06-21,2023-09-25
2021-0295-IND,No,nat-met-sto-tro,Natural,Meteorological,Storm,Tropical cyclone,GLIDE:TC-2021-000058,Cyclone 'Yaas',IND,India,Southern Asia,Asia,"Bengale occidental, Odisha",,Surge,No,No,No,,155,Kph,,,,2021,5,25,2021,5,29,19,,1625000,,1625000,,,,,3000000,3472960,86.38165694,"[{""adm1_code"":1504,""adm1_name"":""Orissa""},{""adm1_code"":1511,""adm1_name"":""West Bengal""}]",2021-06-21,2023-09-25
2021-0308-NPL,No,nat-hyd-flo-fla,Natural,Hydrological,Flood,Flash flood,,,NPL,Nepal,Southern Asia,Asia,"Helambu and Melamchi (Sindhupalchok district, previously in Bagmati)",Heavy rains,"Slide (land, mud, snow, rock)",No,No,No,,,Km2,,,,2021,6,16,2021,6,17,46,20,800,,820,,,,,,,86.38165694,"[{""adm2_code"":22351,""adm2_name"":""Bagmati""}]",2021-06-22,2023-09-25
2021-0316-IND,No,nat-hyd-flo-flo,Natural,Hydrological,Flood,Flood (General),,,IND,India,Southern Asia,Asia,"Bihar, Uttar Pradesh, Gujarat, Kerala, Karnataka, Uttarakhand, Maharashtra, Chhattisgarh, West Bengal, and Tripura states",Heavy rains,,No,No,No,,,Km2,,,,2021,6,1,2021,6,30,59,,1000,,1000,,,,,100000,115765,86.38165694,"[{""adm1_code"":1491,""adm1_name"":""Gujarat""},{""adm1_code"":1494,""adm1_name"":""Karnataka""},{""adm1_code"":1495,""adm1_name"":""Kerala""},{""adm1_code"":1498,""adm1_name"":""Maharashtra""},{""adm1_code"":1509,""adm1_name"":""Tripura""},{""adm1_code"":1511,""adm1_name"":""West Bengal""},{""adm1_code"":70073,""adm1_name"":""Bihar""},{""adm1_code"":70075,""adm1_name"":""Chhattisgarh""},{""adm1_code"":70081,""adm1_name"":""Uttar Pradesh""},{""adm1_code"":70082,""adm1_name"":""Uttarakhand""}]",2021-06-22,2023-09-25
2021-0366-IND,No,nat-hyd-flo-flo,Natural,Hydrological,Flood,Flood (General),GLIDE:FL-2021-000093,,IND,India,Southern Asia,Asia,"Bongaigaon, Dhemaji and Dibrugarh districts (Assam state)",Heavy rains,,No,No,No,,,Km2,,,,2021,7,1,2021,7,1,,,7587,,7587,,,,,,,86.38165694,"[{""adm2_code"":17580,""adm2_name"":""Dibrugarh""},{""adm2_code"":70086,""adm2_name"":""Bongaigaon""},{""adm2_code"":70087,""adm2_name"":""Dhemaji""}]",2021-07-01,2025-06-25
2021-0381-NPL,No,nat-hyd-flo-flo,Natural,Hydrological,Flood,Flood (General),DFO:5090,,NPL,Nepal,Southern Asia,Asia,"Province 1, Bagmati Province, Gandaki Province and Sudur Pashchim Province",Monsoon rains,"Slide (land, mud, snow, rock)",No,No,No,,111105.91,Km2,,,,2021,7,1,2021,7,7,74,51,2050,,2101,,,,,,,86.38165694,"[{""adm1_code"":2153,""adm1_name"":""Eastern""},{""adm1_code"":2154,""adm1_name"":""Far Western""},{""adm2_code"":22351,""adm2_name"":""Bagmati""},{""adm2_code"":22363,""adm2_name"":""Gandaki""}]",2021-07-07,2023-09-25
2021-0435-IND,No,nat-hyd-flo-flo,Natural,Hydrological,Flood,Flood (General),,,IND,India,Southern Asia,Asia,"Pune, Raigada, Satara and Ratnagiri (Maharasthra); Goa, Karnataka, Jharkhand, Bengale, Himachal Pradesh, Uttarakand states",Monsoon rains,"Slide (land, mud, snow, rock)",No,No,No,,,Km2,,,,2021,6,1,2021,9,30,1282,,375000,,375000,,,,,3100000,3588725,86.38165694,"[{""adm1_code"":1490,""adm1_name"":""Goa""},{""adm1_code"":1493,""adm1_name"":""Himachal Pradesh""},{""adm1_code"":1494,""adm1_name"":""Karnataka""},{""adm1_code"":1511,""adm1_name"":""West Bengal""},{""adm1_code"":70078,""adm1_name"":""Jharkhand""},{""adm1_code"":70082,""adm1_name"":""Uttarakhand""},{""adm2_code"":17776,""adm2_name"":""Pune""},{""adm2_code"":17777,""adm2_name"":""Raigarh""},{""adm2_code"":17778,""adm2_name"":""Ratnagiri""},{""adm2_code"":17781,""adm2_name"":""Satara""}]",2021-07-26,2023-09-25
2021-0455-BGD,No,nat-hyd-flo-flo,Natural,Hydrological,Flood,Flood (General),DFO:5106|GLIDE:FL-2021-000097,,BGD,Bangladesh,Southern Asia,Asia,Cox’s Bazar,Heavy rains,"Slide (land, mud, snow, rock)",No,No,No,,,Km2,,,,2021,7,27,2021,8,3,21,,268744,,268744,,,,,,,86.38165694,"[{""adm2_code"":5772,""adm2_name"":""Cox's Bazar""}]",2021-07-29,2025-06-25
2021-0458-IND,No,nat-hyd-flo-fla,Natural,Hydrological,Flood,Flash flood,,,IND,India,Southern Asia,Asia,"Himachal Pradesh, Union Territories of Jammu and Kashmir and Ladakh",,,No,No,No,,,Km2,,,,2021,7,28,2021,7,29,37,17,105,,122,,,,,,,86.38165694,"[{""adm1_code"":1493,""adm1_name"":""Himachal Pradesh""},{""adm1_code"":40422,""adm1_name"":""Administrative unit not available""},{""adm1_code"":40423,""adm1_name"":""Administrative unit not available""}]",2021-07-29,2023-09-25
2021-0585-IND,No,nat-hyd-flo-flo,Natural,Hydrological,Flood,Flood (General),,,IND,India,Southern Asia,Asia,"Rajkot, Jamnagar, Porbandar, Valsad, Junagadh districts (Gujarat state)",Heavy rains,Broken Dam/Burst bank,No,No,No,,,Km2,,,,2021,9,13,2021,9,15,7,,850000,,850000,,,,,,,86.38165694,"[{""adm2_code"":17641,""adm2_name"":""Jamnagar""},{""adm2_code"":17642,""adm2_name"":""Junagadh""},{""adm2_code"":17647,""adm2_name"":""Rajkot""},{""adm2_code"":17653,""adm2_name"":""Valsad""},{""adm2_code"":70130,""adm2_name"":""Porbandar""}]",2021-09-15,2023-09-25
2021-0605-NPL,No,nat-hyd-flo-flo,Natural,Hydrological,Flood,Flood (General),,,NPL,Nepal,Southern Asia,Asia,"Bagmati, Lumbini and Gandaki Provinces",Heavy rains,"Lightening|Slide (land, mud, snow, rock)",No,No,No,,,Km2,,,,2021,9,2,2021,9,6,13,10,1000,,1010,,,,,,,86.38165694,"[{""adm2_code"":22351,""adm2_name"":""Bagmati""},{""adm2_code"":22363,""adm2_name"":""Gandaki""},{""adm2_code"":22364,""adm2_name"":""Lumbini""}]",2021-09-17,2023-09-25
2021-0630-IND,No,nat-met-sto-tro,Natural,Meteorological,Storm,Tropical cyclone,,Cyclone 'Gulab',IND,India,Southern Asia,Asia,"Srikakulam, Vizianagaram, Visakhapatnam, Kalingapatnam , Nizamabad, Hyderabad districts (Andhra Pradesh); Koraput, Malkangiri districts (Odisha); Aurangabad, Latur, Osmanabad, Parbhani, Nanded, Beed, Jalna, Hingoli districts (Maharashtra)",,,No,No,No,,90,Kph,,,,2021,9,26,2021,9,29,20,,,,,,,,,,,86.38165694,"[{""adm2_code"":17553,""adm2_name"":""Hyderabad""},{""adm2_code"":17562,""adm2_name"":""Nizamabad""},{""adm2_code"":17565,""adm2_name"":""Srikakulam""},{""adm2_code"":17566,""adm2_name"":""Vishakhapatnam""},{""adm2_code"":17567,""adm2_name"":""Vizianagaram""},{""adm2_code"":17770,""adm2_name"":""Latur""},{""adm2_code"":17772,""adm2_name"":""Nanded""},{""adm2_code"":17774,""adm2_name"":""Osmanabad""},{""adm2_code"":17786,""adm2_name"":""Aurangabad""},{""adm2_code"":70179,""adm2_name"":""Bid""},{""adm2_code"":70181,""adm2_name"":""Hingoli""},{""adm2_code"":70182,""adm2_name"":""Jalna""},{""adm2_code"":70186,""adm2_name"":""Parbhani""},{""adm2_code"":17814,""adm2_name"":""Koraput""},{""adm2_code"":70220,""adm2_name"":""Malkangiri""}]",2021-09-29,2023-09-25
2021-0645-IND,No,nat-met-sto-tro,Natural,Meteorological,Storm,Tropical cyclone,,Cyclone 'Shaheen',IND,India,Southern Asia,Asia,"Koraput and Malkangiri (Odisha); Srikakulam, Vizianagaram, Visakhapatnam districts (Andhra Pradesh); Telengana, Maharashtra, Gujarta",,,No,No,No,,,Kph,,,,2021,10,3,2021,10,3,7,,179000,,179000,,,,,,,86.38165694,"[{""adm1_code"":1491,""adm1_name"":""Gujarat""},{""adm1_code"":1498,""adm1_name"":""Maharashtra""},{""adm2_code"":17547,""adm2_name"":""Adilabad""},{""adm2_code"":17553,""adm2_name"":""Hyderabad""},{""adm2_code"":17554,""adm2_name"":""Karimnagar""},{""adm2_code"":17558,""adm2_name"":""Mahbubnagar""},{""adm2_code"":17559,""adm2_name"":""Medak""},{""adm2_code"":17560,""adm2_name"":""Nalgonda""},{""adm2_code"":17562,""adm2_name"":""Nizamabad""},{""adm2_code"":17564,""adm2_name"":""Rangareddi""},{""adm2_code"":17565,""adm2_name"":""Srikakulam""},{""adm2_code"":17566,""adm2_name"":""Vishakhapatnam""},{""adm2_code"":17567,""adm2_name"":""Vizianagaram""},{""adm2_code"":17568,""adm2_name"":""Warangal""},{""adm2_code"":17814,""adm2_name"":""Koraput""},{""adm2_code"":70220,""adm2_name"":""Malkangiri""}]",2021-11-05,2023-09-25
2021-0677-IND,No,nat-hyd-flo-flo,Natural,Hydrological,Flood,Flood (General),GLIDE:FL-2021-000161,,IND,India,Southern Asia,Asia,"Idukki, Kottayam, Pathanamthitta, Kollam, Achankovil, Thiruvananthapuram(Kerala state)",Heavy rains,,No,No,No,,,Km2,,,,2021,10,11,2021,10,20,39,,3500,450,3950,,,,,,,86.38165694,"[{""adm2_code"":17700,""adm2_name"":""Idukki""},{""adm2_code"":17702,""adm2_name"":""Kottayam""},{""adm2_code"":17706,""adm2_name"":""Pattanamtitta""},{""adm2_code"":17707,""adm2_name"":""Kollam""},{""adm2_code"":17709,""adm2_name"":""Thiruvananthapuram""}]",2021-10-18,2025-07-16
2021-0681-IND,No,nat-hyd-flo-flo,Natural,Hydrological,Flood,Flood (General),,,IND,India,Southern Asia,Asia,Nainital (Uttarakhand state),Heavy rain,"Slide (land, mud, snow, rock)",No,No,No,,,Km2,,,,2021,10,18,2021,10,19,57,17,1385,,1402,,,,,,,86.38165694,"[{""adm2_code"":70285,""adm2_name"":""Naini Tal""}]",2021-10-21,2023-09-25
2021-0681-NPL,No,nat-hyd-flo-flo,Natural,Hydrological,Flood,Flood (General),,,NPL,Nepal,Southern Asia,Asia,Kanchanpur District (Sudurpaschim Province),,"Slide (land, mud, snow, rock)",No,No,No,,,Km2,,,Mahakali River,2021,10,16,2021,10,22,118,10,,,10,,,,,,,86.38165694,"[{""adm2_code"":22357,""adm2_name"":""Mahakali""}]",2021-10-21,2023-09-25
2021-0722-IND,No,nat-hyd-flo-flo,Natural,Hydrological,Flood,Flood (General),GLIDE:FL-2021-000172,,IND,India,Southern Asia,Asia,Tamil Nadu,Heavy rains,,No,No,No,,,Km2,,,,2021,11,6,2021,11,8,14,,11000,,11000,,,,,,,86.38165694,"[{""adm1_code"":1508,""adm1_name"":""Tamil Nadu""}]",2021-11-08,2025-07-16
2021-0748-IND,No,nat-hyd-flo-flo,Natural,Hydrological,Flood,Flood (General),,,IND,India,Southern Asia,Asia,"Chittoor, Kadapa, Anantapur, Nellore districts (Andhra Pradesh)",Heavy rains,Broken Dam/Burst bank,No,No,Yes,,,Km2,,,,2021,11,18,2021,11,19,62,,74500,,74500,,,,,,,86.38165694,"[{""adm2_code"":17548,""adm2_name"":""Anantapur""},{""adm2_code"":17549,""adm2_name"":""Chittoor""},{""adm2_code"":17550,""adm2_name"":""Cuddapah""},{""adm2_code"":17561,""adm2_name"":""Nellore""}]",2021-11-23,2023-09-25
2021-0777-IND,No,nat-met-sto-tro,Natural,Meteorological,Storm,Tropical cyclone,,Tropical storm 'Jawad',IND,India,Southern Asia,Asia,"Andhra Pradesh, Odisha, south-western West Bengal, Tripura",,,No,No,No,,100,Kph,,,,2021,12,4,2021,12,6,5,400,1650,,2050,,,,,,,86.38165694,"[{""adm1_code"":1485,""adm1_name"":""Andhra Pradesh""},{""adm1_code"":1504,""adm1_name"":""Orissa""},{""adm1_code"":1509,""adm1_name"":""Tripura""},{""adm1_code"":1511,""adm1_name"":""West Bengal""}]",2021-12-06,2023-09-25
2022-0219-IND,No,nat-met-sto-sev,Natural,Meteorological,Storm,Severe weather,,,IND,India,Southern Asia,Asia,Assam State,,Flood|Lightening,No,No,No,,,Kph,,,,2022,4,1,2022,4,19,20,,95000,,95000,,,,,,,93.29460735,"[{""adm1_code"":1487,""adm1_name"":""Assam""}]",2022-04-19,2023-09-25
2022-0293-IND,No,nat-hyd-flo-flo,Natural,Hydrological,Flood,Flood (General),,,IND,India,Southern Asia,Asia,"Itanagar distrci (Arunchal Pradesh); Dima Hasao, Cachar, Udalguri District (Assam); East Khasi Hills, Ri-Bhoi Districts (Meghalaya); Nagaland; Bihar; Himachal Pradesh; Madhya Pradesh; Gujarat; Maharasthra",Heavy rains,"Lightening|Slide (land, mud, snow, rock)",No,No,No,,,Km2,,,Kopili river,2022,5,17,2022,10,31,2035,1260,1300000,,1301260,,,,,4200000,4501868,93.29460735,,2022-05-16,2023-09-25
2022-0340-BGD,No,nat-hyd-flo-flo,Natural,Hydrological,Flood,Flood (General),GLIDE:FL-2022-000217,,BGD,Bangladesh,Southern Asia,Asia,"Shariatpur & Madaripur districts ; Kurigram, Gaibandha, Lalmonirhat, Nilphamari, Bogra, Jamalpur, and Sirajganj (Sylhet division); Zakigonj, Gowainghat, Jaintapur, Companiganj, Kurigram, Gaibandha, Rangpur, Lalmonirhat, Nilphamari, Bogra, Jamalpur, SirajganjDistricts (Sylhet Division); Sunamganj",Heavy rains,,No,No,No,,,Km2,,,,2022,5,17,2022,9,30,141,,7200000,,7200000,,,,,462500,495741,93.29460735,,2022-06-28,2023-09-26
2022-0353-NPL,No,nat-met-sto-sev,Natural,Meteorological,Storm,Severe weather,,,NPL,Nepal,Southern Asia,Asia,,,"Flood|Slide (land, mud, snow, rock)",No,No,No,,,Kph,,,,2022,6,,2022,6,20,21,29,515,,544,,,,,,,93.29460735,,2022-06-29,2023-09-26
2022-0493-NPL,No,nat-hyd-flo-flo,Natural,Hydrological,Flood,Flood (General),,,NPL,Nepal,Southern Asia,Asia,Belaka municipality of Udayapur district; Saptakoshi,Incessant rains,"Slide (land, mud, snow, rock)",No,No,No,,,Km2,,,,2022,8,2,2022,8,31,132,,5500,,5500,,,,,,,93.29460735,,2022-08-04,2023-09-26
2022-0539-IND,No,nat-hyd-flo-flo,Natural,Hydrological,Flood,Flood (General),,,IND,India,Southern Asia,Asia,"Himachal Pradesh, Uttarakhand and Jharkhand States",,"Slide (land, mud, snow, rock)",No,No,No,,,Km2,,,,2022,8,,2022,8,22,63,,800000,,800000,,,,,,,93.29460735,"[{""adm1_code"":1493,""adm1_name"":""Himachal Pradesh""},{""adm1_code"":70078,""adm1_name"":""Jharkhand""},{""adm1_code"":70082,""adm1_name"":""Uttarakhand""}]",2022-08-22,2023-09-26
2022-0590-IND,No,nat-hyd-flo-flo,Natural,Hydrological,Flood,Flood (General),,,IND,India,Southern Asia,Asia,Uttar Pradesh,Monsoonal rains,,No,No,No,,,Km2,,,,2022,9,18,2022,9,24,,,,,,,,,,,,93.29460735,"[{""adm1_code"":70081,""adm1_name"":""Uttar Pradesh""}]",2022-09-20,2023-09-26
2022-0590-NPL,No,nat-hyd-flo-flo,Natural,Hydrological,Flood,Flood (General),,,NPL,Nepal,Southern Asia,Asia,Darchula District (Sudurpashchim Provincel); Kanchanpur District (Sudurpashchim Province),Heavy rains,"Slide (land, mud, snow, rock)",No,No,No,,,Km2,,,,2022,9,9,2022,9,17,15,11,500,,511,,,,,,,93.29460735,,2022-09-13,2023-09-26
2022-0695-BGD,No,nat-met-sto-tro,Natural,Meteorological,Storm,Tropical cyclone,,Tropical storm 'Sitrang',BGD,Bangladesh,Southern Asia,Asia,"Chittagong, Barisal",,,No,No,No,,95,Kph,,,,2022,10,24,2022,10,25,35,,1000000,,1000000,,,,,,,93.29460735,"[{""adm1_code"":575,""adm1_name"":""Barisal""},{""adm1_code"":576,""adm1_name"":""Chittagong""}]",2022-10-25,2023-09-26
2022-0798-IND,No,nat-met-sto-tro,Natural,Meteorological,Storm,Tropical cyclone,,Cyclone 'Mandous',IND,India,Southern Asia,Asia,Tamil Nadu,,,No,No,No,,,Kph,,,,2022,12,9,2022,12,9,,,,,,,,,,,,93.29460735,"[{""adm1_code"":1508,""adm1_name"":""Tamil Nadu""}]",2022-12-09,2023-09-26
2023-0161-IND,No,nat-met-sto-sev,Natural,Meteorological,Storm,Severe weather,,,IND,India,Southern Asia,Asia,"Khandwa, Sagar, Satna, Raisen, Narmadapura, Dhar, Ratlam, Ashok Nagar and Damoh (Madhya Pradesh State)",,Hail|Lightening,No,No,No,,,Kph,,,,2023,3,17,2023,3,21,16,14,,,14,,,,,,,97.13499264,,2023-03-23,2023-09-26
2023-0254-BGD,No,nat-met-sto-sto,Natural,Meteorological,Storm,Storm (General),,,BGD,Bangladesh,Southern Asia,Asia,"Netrokona, Sylhet, Sunamganj and Maulbi Bazar",,,No,No,No,,,Kph,,,,2023,4,23,2023,4,23,10,,,,,,,,,,,97.13499264,"[{""adm1_code"":580,""adm1_name"":""Sylhet""},{""adm2_code"":5790,""adm2_name"":""Netrakona""}]",2023-04-28,2023-09-26
2023-0294-BGD,No,nat-met-sto-tro,Natural,Meteorological,Storm,Tropical cyclone,GLIDE:TC-2023-000069|GLIDE:TC-2023-000071,Cyclone 'Mocha',BGD,Bangladesh,Southern Asia,Asia,"Cox’s Bazar, Chattogram, Feni, and Noakhali districts, St Martin Island",,,No,No,No,,220,Kph,,,,2023,5,13,2023,5,14,3,12,750000,,750012,,,,,1000,1029,97.13499264,,2023-05-23,2025-03-05
2023-0294-IND,No,nat-met-sto-tro,Natural,Meteorological,Storm,Tropical cyclone,GLIDE:TC-2023-000069|GLIDE:TC-2023-000071,Cyclone 'Mocha',IND,India,Southern Asia,Asia,"Mizoram, Tripura, and Manipur states",,,No,No,No,,,Kph,,,,2023,5,14,2023,5,14,,,1000,,1000,,,,,,,97.13499264,,2023-05-23,2025-03-05
2023-0326-NPL,No,nat-hyd-flo-flo,Natural,Hydrological,Flood,Flood (General),,,NPL,Nepal,Southern Asia,Asia,"Nuwakot, Okhaldhunga, Panchthar, Shankhuwasabha, Taplejung, Dhankuta and Ilam (Koshi province)",Heavy rains,"Slide (land, mud, snow, rock)",No,No,No,,,Km2,,,,2023,6,15,2023,6,19,36,6,1500,,1506,,,,,,,97.13499264,,2023-06-26,2023-09-26
2023-0330-IND,No,nat-hyd-flo-flo,Natural,Hydrological,Flood,Flood (General),GLIDE:FL-2023-000104,,IND,India,Southern Asia,Asia,"Nalbari, Baksa, Lakhimpur, Bajali, Barpet distrcits (Assam);Sikkim",Heavy rains,"Slide (land, mud, snow, rock)",No,No,No,,,Km2,,,,2023,6,14,2023,6,23,,,500000,,500000,,,,,,,97.13499264,,2023-06-26,2025-07-16
2023-0331-IND,No,nat-met-sto-tro,Natural,Meteorological,Storm,Tropical cyclone,GLIDE:TC-2023-000095,Cyclone 'Biparjoy',IND,India,Southern Asia,Asia,"Barmer, Jalore, Sirohi, Pali, and Rajmasand (Rajasthan); Gujarat",,"Flood|Slide (land, mud, snow, rock)",No,No,No,,125,Kph,,,,2023,6,19,2023,6,21,7,,10000,,10000,,,,,,,97.13499264,"[{""adm2_code"":17837,""adm2_name"":""Barmer""},{""adm2_code"":17849,""adm2_name"":""Jalor""},{""adm2_code"":17855,""adm2_name"":""Pali""},{""adm2_code"":17858,""adm2_name"":""Sirohi""},{""adm2_code"":70240,""adm2_name"":""Rajsamand""}]",2023-06-26,2025-03-05
2023-0359-IND,No,nat-hyd-flo-fla,Natural,Hydrological,Flood,Flash flood,,,IND,India,Southern Asia,Asia,"Mandi, Solan and Hamirpur districts (Himachal Pradesh); Uttarakhand, Punjab, NewDelhi, Haryana",Monsoon rains,"Slide (land, mud, snow, rock)",No,No,No,,,Km2,,,,2023,6,26,2023,7,12,62,,5,,5,,,,,3000,3088,97.13499264,"[{""adm1_code"":1489,""adm1_name"":""Delhi""},{""adm1_code"":1492,""adm1_name"":""Haryana""},{""adm1_code"":1505,""adm1_name"":""Punjab""},{""adm1_code"":70082,""adm1_name"":""Uttarakhand""},{""adm2_code"":17668,""adm2_name"":""Hamirpur""},{""adm2_code"":17673,""adm2_name"":""Mandi""},{""adm2_code"":17676,""adm2_name"":""Solan""}]",2023-06-29,2024-10-28
2023-0428-IND,No,nat-hyd-flo-flo,Natural,Hydrological,Flood,Flood (General),,,IND,India,Southern Asia,Asia,"Himachal Pradesh, Uttarakhand, Delhi, Bihar, Madyah Pradesh, Maharashtra, Chhattisgarh, Gujarat, Punjab, Karnataka, Assam",Monsoon rains,,No,No,No,,,Km2,,,,2023,6,25,2023,9,7,1529,,10250000,,10250000,,,,,,,97.13499264,,2023-07-14,2024-03-25
2023-0486-IND,No,nat-hyd-flo-flo,Natural,Hydrological,Flood,Flood (General),,,IND,India,Southern Asia,Asia,Mulugu District (western Telangana),Monsoonal rains,,No,No,No,,,Km2,,,,2023,7,27,2023,7,31,23,,,,,,,,,,,97.13499264,,2023-07-31,2023-09-26
2023-0512-BGD,No,nat-hyd-flo-fla,Natural,Hydrological,Flood,Flash flood,GLIDE:FL-2023-000157,,BGD,Bangladesh,Southern Asia,Asia,"Chattogram, Cox’s Bazar, Bandarban, Rangamati, and Feni (Chattogram Division); Chittagong, Bandarban, Rangamati,",Heavy rain,,No,No,No,,,Km2,,,,2023,8,7,2023,8,13,4,6,1000000,,1000006,,,,,,,97.13499264,,2023-08-09,2025-06-25
2023-0606-IND,No,nat-met-sto-lig,Natural,Meteorological,Storm,Lightning/Thunderstorms,,,IND,India,Southern Asia,Asia,"Khurda, Balangir, Angul, Boudh, Dhenkanal, Gajapati, Jagatsinghpur, and Puri (Odisha State)",,Flood,No,No,No,,,Kph,,,,2023,9,2,2023,9,6,12,14,1060,,1074,,,,,,,97.13499264,,2023-09-11,2023-09-26
2023-0686-BGD,No,nat-met-sto-tro,Natural,Meteorological,Storm,Tropical cyclone,,Tropical cyclone 'Hamoon',BGD,Bangladesh,Southern Asia,Asia,Cox's Bazar district,,,No,No,No,,110,Kph,,,,2023,10,24,2023,10,25,3,,1500000,,1500000,,,,,250000,257374,97.13499264,,2023-10-31,2024-02-12
2023-0792-IND,No,nat-met-sto-tro,Natural,Meteorological,Storm,Tropical cyclone,,Tropical storm 'Michaung',IND,India,Southern Asia,Asia,"Andra Pradesh, Telangana, Tamil Nadu States",,Flood,No,No,No,,110,Kph,,,,2023,12,5,2023,12,6,20,,4390000,,4390000,,,,,125000,128687,97.13499264,,2023-12-06,2024-02-12
2023-0812-IND,No,nat-met-sto-sev,Natural,Meteorological,Storm,Severe weather,,,IND,India,Southern Asia,Asia,Gujarat state,,Flood|Hail|Lightening,No,No,No,,,Kph,,,,2023,11,26,2023,11,27,24,25,,,25,,,,,,,97.13499264,,2023-11-28,2023-12-01
2023-0846-IND,No,nat-hyd-flo-flo,Natural,Hydrological,Flood,Flood (General),,,IND,India,Southern Asia,Asia,"Thoothukudi, Tirunelveli, Kanniyakumari and Tenkasi Districts (Tamil Nadu state)",Heavy rains,,No,No,No,,,Km2,,,,2023,12,18,2023,12,20,10,,,,,,,,,,,97.13499264,,2023-12-21,2023-12-22
2024-0149-IND,No,nat-met-sto-sev,Natural,Meteorological,Storm,Severe weather,,,IND,India,Southern Asia,Asia,"Unakoti, Sepahijala, Dhalai, South, West, Khowai and Gomati Districts (Tripura state); Una District (Himachal Pradesh State)",,Flood|Lightening,No,No,No,,,Kph,,,,2024,3,27,2024,3,27,4,7,22810,115,22932,,,,,,,100,,2024-03-27,2024-04-03
2024-0280-IND,No,nat-met-sto-hai,Natural,Meteorological,Storm,Hail,,,IND,India,Southern Asia,Asia,"Bishnupur, Imphal West, Imphal East, Thoubal, Kakching, Tengnoupal, Kangpokpi, Noney, and Churachandpur districts (Manipur state)",,Flood,No,No,No,,,Kph,,,,2024,5,5,2024,5,5,1,,77000,,77000,,,,,,,100,,2024-05-07,2024-05-13
2024-0290-IND,No,nat-met-sto-sev,Natural,Meteorological,Storm,Severe weather,,,IND,India,Southern Asia,Asia,Bombay,,Collapse,No,No,No,,,Kph,,,,2024,5,13,2024,5,13,16,75,,,75,,,,,,,100,,2024-05-14,2025-01-28
2024-0320-BGD,No,nat-met-sto-tro,Natural,Meteorological,Storm,Tropical cyclone,GLIDE:TC-2024-000083,Cyclone 'Remal',BGD,Bangladesh,Southern Asia,Asia,"Khulna, Bagerhat, Satkhira, Patuakhali, Pirojpur, Barguna, Jhalokath, Bhola",,Broken Dam/Burst bank|Surge,No,No,No,,111,Kph,,,,2024,5,26,2024,5,30,16,13,4590000,,4590013,,,,,90700,90700,100,,2024-06-06,2024-07-18
2024-0320-IND,No,nat-met-sto-tro,Natural,Meteorological,Storm,Tropical cyclone,GLIDE:TC-2024-000083,Cyclone 'Remal',IND,India,Southern Asia,Asia,"Aizawl (Mizoram state); Bengal, Assam, Nagaland, Meghalaya states; West Bengal, Telangana",,"Flood|Industrial accidents|Slide (land, mud, snow, rock)",No,No,No,,,Kph,,,,2024,5,26,2024,5,30,51,500,2109143,,2109643,,,,,,,100,,2024-06-06,2024-06-14
2024-0399-BGD,No,nat-hyd-flo-fla,Natural,Hydrological,Flood,Flash flood,GLIDE:FF-2024-000100|GLIDE:FF-2024-000154,,BGD,Bangladesh,Southern Asia,Asia,"Sylhet, Sunamganj, Netrokona, Moulvibazar, Habiganj, Rangpur, Jamalpur, Gaibandha, Feni, Rangamati, Bogra, Kurigram, Sirajganj, Lalmonirhat, Tangail, Cox’s Bazar, Bogura, Munshigan, Khagrachari, Bandarban","Monsoon rain, upstream flow","Slide (land, mud, snow, rock)",No,No,No,,,Km2,,,,2024,5,29,2024,7,8,15,,5130000,,5130000,,,,,34000,34000,100,,2024-06-21,2025-04-01
2024-0399-IND,No,nat-hyd-flo-fla,Natural,Hydrological,Flood,Flash flood,GLIDE:FF-2024-000100|GLIDE:FF-2024-000154,,IND,India,Southern Asia,Asia,Assam and Meghalaya states,Monsoon rains,,No,No,No,,,Km2,,,,2024,5,,2024,7,8,48,,2100000,,2100000,,,,,,,100,,2024-06-21,2024-10-22
2024-0428-NPL,No,nat-hyd-flo-flo,Natural,Hydrological,Flood,Flood (General),,,NPL,Nepal,Southern Asia,Asia,,Heavy rains,"Slide (land, mud, snow, rock)",No,No,No,,,Km2,,,,2024,6,,2024,7,,24,29,2705,,2734,,,,,,,100,,2024-07-08,2024-07-11
2024-0481-IND,No,nat-hyd-flo-flo,Natural,Hydrological,Flood,Flood (General),,,IND,India,Southern Asia,Asia,"Pratapgarh, Sultanpur, Chandauli, Mainpuri, Prayagraj, Auraiya, Deoria, Hathras, Varanasi and Siddharthnagar districts (Uttar Pradesh); Assam",Monsoon rain,Lightening,No,No,No,,,Km2,,,,2024,7,9,2024,7,15,125,20,1000000,,1000020,,,,,,,100,,2024-07-15,2024-07-23
2024-0561-IND,No,nat-hyd-flo-flo,Natural,Hydrological,Flood,Flood (General),,,IND,India,Southern Asia,Asia,"Mandi, Kullu, Shimla districts (Himachal Pradesh)",Heavy rains,,No,No,No,,,Km2,,,,2024,7,31,2024,8,23,46,,,,,,,,,,,100,,2024-08-01,2025-03-18
2024-0624-BGD,No,nat-hyd-flo-fla,Natural,Hydrological,Flood,Flash flood,,,BGD,Bangladesh,Southern Asia,Asia,"Lakshmipur, Cumilla, Feni, and Noakhali districts",Heavy monsoon rains,,No,No,No,,,Km2,,,,2024,8,19,2024,9,3,71,,5820000,,5820000,,,,,155600,155600,100,,2024-08-22,2025-04-01
2024-0624-IND,No,nat-hyd-flo-fla,Natural,Hydrological,Flood,Flash flood,,,IND,India,Southern Asia,Asia,Tripura state,Heavy rains,,No,No,No,,,Km2,,,,2024,8,19,2024,8,23,26,,1700000,,1700000,,,,,,,100,,2024-08-23,2024-10-22
2024-0647-IND,No,nat-hyd-flo-flo,Natural,Hydrological,Flood,Flood (General),,,IND,India,Southern Asia,Asia,"Gujarat, Maharashtra, Tripura States",Monsoon rains,"Slide (land, mud, snow, rock)|Storm",No,No,No,,,Km2,,,,2024,8,26,2024,8,27,25,23,8007150,,8007173,,,,,,,100,,2024-08-29,2024-10-22
2024-0692-NPL,No,nat-hyd-flo-flo,Natural,Hydrological,Flood,Flood (General),GLIDE:FL-2024-000177,,NPL,Nepal,Southern Asia,Asia,"Kathmandu, Kavrepalanchowk, Lalitpur, Bagmati, Gandak",Heavy rains,"Slide (land, mud, snow, rock)",No,No,No,,,Km2,,,,2024,9,26,2024,10,8,268,178,2590000,,2590178,,,,,338043,338043,100,,2024-09-30,2024-11-06
2024-0719-BGD,No,nat-hyd-flo-flo,Natural,Hydrological,Flood,Flood (General),,,BGD,Bangladesh,Southern Asia,Asia,Sherpur district (Mymensingh and Sindh divisions),Heavy rains,,No,No,No,,,Km2,,,,2024,10,5,2024,10,10,10,,238931,,238931,,,,,,,100,,2024-10-09,2024-10-28
2024-0719-IND,No,nat-hyd-flo-flo,Natural,Hydrological,Flood,Flood (General),,,IND,India,Southern Asia,Asia,Meghalaya,Heavy rains,"Slide (land, mud, snow, rock)",No,No,No,,,Km2,,,,2024,10,4,2024,10,7,15,,,,,,,,,,,100,,2024-10-09,2024-10-28
2024-0778-BGD,No,nat-met-sto-tro,Natural,Meteorological,Storm,Tropical cyclone,,Tropical storm 'Dana',BGD,Bangladesh,Southern Asia,Asia,"Barisal, Meherpur",,,No,No,No,,,Kph,,,,2024,10,24,2024,10,25,2,,,,,,,,,,,100,,2025-01-22,2025-01-22
2024-0778-IND,No,nat-met-sto-tro,Natural,Meteorological,Storm,Tropical cyclone,,Tropical storm 'Dana',IND,India,Southern Asia,Asia,Odisha and West Bengal,,Flood|Surge,No,No,No,,120,Kph,,,,2024,10,24,2024,10,25,9,12,3810000,,3810012,,,,,73300,73300,100,,2024-10-28,2025-01-22
2024-0881-IND,No,nat-met-sto-tro,Natural,Meteorological,Storm,Tropical cyclone,GLIDE:TC-2024-000219,Storm 'Fengal',IND,India,Southern Asia,Asia,"Chennai city, Ooty town, Vellore city , Puducherry city (Tamil Nadu)",,"Flood|Slide (land, mud, snow, rock)|Surge",No,No,No,,80,Kph,,,,2024,12,1,2024,12,1,20,,,,,,,,,,,100,,2024-12-06,2024-12-19
2025-0217-IND,No,nat-met-sto-sev,Natural,Meteorological,Storm,Severe weather,,,IND,India,Southern Asia,Asia,"Ganjam, Puri, Mayurbhanj districts (Odisha state)",,Flood|Hail|Lightening,No,No,No,,,Kph,,,,2025,3,22,2025,3,26,2,67,3000,,3067,,,,,2900,,,,2025-03-27,2025-04-01
2025-0249-NPL,No,nat-met-sto-sev,Natural,Meteorological,Storm,Severe weather,,,NPL,Nepal,Southern Asia,Asia,"Sudurpashchim, Madhesh, Koshi, and Lumbini provinces",,Flood|Lightening,No,No,No,,,Kph,,,,2025,4,9,2025,4,10,10,12,,,12,,,,,,,,,2025-04-14,2025-04-18
2025-0300-IND,No,nat-met-sto-sev,Natural,Meteorological,Storm,Severe weather,,,IND,India,Southern Asia,Asia,Tripura state,,Flood,No,No,No,,,Kph,,,,2025,4,18,2025,4,24,2,2,2500,,2502,,,,,,,,,2025-04-28,2025-05-06
2025-0339-IND,No,nat-met-sto-sev,Natural,Meteorological,Storm,Severe weather,,,IND,India,Southern Asia,Asia,"Kheda, Dahod, Vadodara, Ahmedabad, Aravalli, Panchmahal districts (Gujarat state)",,Flood|Hail|Lightening,No,No,No,,,Kph,,,,2025,5,4,2025,5,7,14,16,35,,51,,,,,,,,,2025-05-07,2025-05-16
2025-0357-BGD,No,nat-met-sto-sev,Natural,Meteorological,Storm,Severe weather,,,BGD,Bangladesh,Southern Asia,Asia,"Naogaon, Chapaiwabganj, Sherpur, Brahmanbaria, Kishoreganj, and Habiganj districts",,Lightening,No,No,No,,,Kph,,,,2025,5,10,2025,5,12,13,4,,,4,,,,,,,,,2025-05-14,2025-05-16
2025-0393-NPL,No,nat-met-sto-sev,Natural,Meteorological,Storm,Severe weather,,,NPL,Nepal,Southern Asia,Asia,,,"Flood|Lightening|Slide (land, mud, snow, rock)",No,No,No,,,Kph,,,,2025,5,19,2025,5,26,4,,675,,675,,,,,,,,,2025-05-26,2025-07-14
2025-0402-BGD,No,nat-hyd-flo-flo,Natural,Hydrological,Flood,Flood (General),,,BGD,Bangladesh,Southern Asia,Asia,"Sylhet, Sunamganj, Moulvibazar, Netrokona, Khagrachari, Habiganj, Noakhali, Bhola, Bandarban, and Rangamati.",Heavy rains,"Slide (land, mud, snow, rock)",No,No,No,,,Km2,,,,2025,5,15,2025,6,1,5,,,,,,,,,,,,,2025-07-08,2025-07-14
2025-0402-IND,No,nat-hyd-flo-flo,Natural,Hydrological,Flood,Flood (General),,,IND,India,Southern Asia,Asia,"Assam, Arunachal Pradesh, Mizoram, Manipur, Sikkim, Meghalaya Nagaland, Tripura, Meghalaya states",Monsoonal rain,"Slide (land, mud, snow, rock)",No,No,No,,,Km2,,,,2025,5,31,2025,6,1,50,,1441247,,1441247,,,,,,,,,2025-06-02,2025-07-14
2025-0451-IND,No,nat-met-sto-sev,Natural,Meteorological,Storm,Severe weather,,,IND,India,Southern Asia,Asia,"Rajasthan, Madhya Pradesh, Gujarat, Odisha, Uttarakhand",,"Flood|Slide (land, mud, snow, rock)",No,No,No,,,Kph,,,,2025,6,20,2025,6,26,27,1,33583,,33584,,,,,,,,,2025-07-03,2025-07-14
2025-0469-IND,No,nat-hyd-flo-fla,Natural,Hydrological,Flood,Flash flood,,,IND,India,Southern Asia,Asia,"Himachal Pradesh, Uttarakhand",Monsoonal rains,"Slide (land, mud, snow, rock)",No,No,No,,,Km2,,,,2025,6,20,2025,7,7,140,74,80000,,80074,,,,,,,,,2025-07-07,2025-07-16
2025-0502-BGD,No,nat-hyd-flo-flo,Natural,Hydrological,Flood,Flood (General),,,BGD,Bangladesh,Southern Asia,Asia,"Feni, Cumilla, Banderban, Lakshmipur and Barishal",Monsoonal rain,,No,No,No,,,Km2,,,,2025,7,7,2025,7,10,,,15350,,15350,,,,,,,,,2025-07-10,2025-07-14
2025-0690-IND,No,nat-hyd-flo-fla,Natural,Hydrological,Flood,Flash flood,,,IND,India,Southern Asia,Asia,Kishtwar (Jammu and Kashmir state),Heavy rain,Lightening,No,No,No,,,Km2,,,,2025,8,14,2025,8,15,61,300,,,300,,,,,,,,,2025-08-19,2025-08-27
2025-0751-IND,No,nat-hyd-flo-flo,Natural,Hydrological,Flood,Flood (General),,,IND,India,Southern Asia,Asia,Punjab state,Monsoon rain,"Slide (land, mud, snow, rock)",No,No,No,,,Km2,,,,2025,8,15,2025,9,19,52,,400000,,400000,,,,,,,,,2025-09-01,2025-09-26
